{"cameraMode":{"drawMode":0,"name":"Shaded","section":"Shading Mode"},"sceneLighting":true,"audioPlay":false,"sceneViewState":{"showFog":true,"showMaterialUpdate":false,"showSkybox":true,"showFlares":true,"showImageEffects":true,"showParticleSystems":true,"showVisualEffectGraphs":true,"m_FxEnabled":true},"in2DMode":false,"pivot":{"x":0.09999990463256836,"y":1.309999704360962,"z":0.32000017166137698},"rotation":{"x":0.0014667966170236469,"y":0.9846083521842957,"z":-0.17459531128406526,"w":0.008268904872238636},"size":1.8067851066589356,"orthographic":false}